{
  "pools": [
    {
      "rolls": {
        "min": 4,
        "max": 6
      },
      "entries": [
        {
          "type": "minecraft:item",
          "name": "minecraft:enchanted_book",
          "functions": [
            {
              "function": "minecraft:set_count",
              "count": {
                "min": 3,
                "max": 5
              }
            },
            {
              "function": "minecraft:enchant_randomly",
              "levels": 0,
              "count": 1,
              "enchantments": [
                "minecraft:power",
                "minecraft:unbreaking",
                "minecraft:protection",
                "minecraft:sharpness"
              ]
            }
          ],
          "weight": 6
        },
        {
          "type": "minecraft:item",
          "name": "minecraft:shulker_box",
          "functions": [
            {
              "function": "minecraft:set_count",
              "count": 1
            }
          ],
          "weight": 1
        },
        {
          "type": "minecraft:item",
          "name": "minecraft:netherite_ingot",
          "weight": 4,
          "functions": [
            {
              "function": "minecraft:set_count",
              "count": 1
            }
          ]
        },
        {
          "type": "minecraft:item",
          "name": "minecraft:enchanted_golden_apple",
          "functions": [
            {
              "function": "minecraft:set_count",
              "count": {
                "min": 1,
                "max": 1
              }
            }
          ],
          "weight": 5
        }
      ]
    }
  ],
  "type": "minecraft:chest"
}