{
  "pools": [
    {
      "rolls": 1,
      "entries": [
        {
          "type": "minecraft:item",
          "weight": 1,
          "name": "minecraft:crossbow",
          "functions": [
            {
              "function": "minecraft:set_nbt",
              "tag": "{Unbreakable:1,CustomModelData:1,display:{Name:'[{\"text\":\"Javelin\",\"italic\":false}]'},Enchantments:[{id:multishot,lvl:1},{id:piercing,lvl:2}]} "
            }
          ]
        },
        {
          "type": "minecraft:item",
          "weight": 1,
          "name": "minecraft:bow",
          "functions": [
            {
              "function": "minecraft:set_attributes",
              "modifiers": [
                {
                  "attribute": "minecraft:generic.movement_speed",
                  "name": "Movement Speed",
                  "amount": 0.2,
                  "operation": "multiply_base",
                  "slot": "mainhand"
                }
              ]
            },
            {
              "function": "minecraft:set_nbt",
              "tag": "{Unbreakable:1,CustomModelData:1,display:{Name:'[{\"text\":\"Bow of the Rising Sun\",\"italic\":false}]'},Enchantments:[{id:flame,lvl:1},{id:power,lvl:4}]}"
            }
          ]
        },
	{
          "type": "minecraft:item",
	  "weight": 1,
          "name": "minecraft:golden_helmet",
          "functions": [
            {
              "function": "minecraft:set_attributes",
              "modifiers": [
                {
                  "attribute": "minecraft:generic.armor",
                  "name": "Armor",
                  "amount": 3,
                  "operation": "addition",
                  "slot": "head"
                },
                {
                  "attribute": "minecraft:generic.attack_speed",
                  "name": "Attack Speed",
                  "amount": 0.25,
                  "operation": "multiply_base",
                  "slot": "head"
                },
                {
                  "attribute": "minecraft:generic.armor_toughness",
                  "name": "Armor Toughness",
                  "amount": 3,
                  "operation": "addition",
                  "slot": "head"
                }
              ]
            },
            {
              "function": "minecraft:set_nbt",
              "tag": "{Unbreakable:1,display:{Name:'[{\"text\":\"Helmet of Fury\",\"italic\":false,\"color\":\"gold\"}]'}}"
            }
          ]
        },
	{
          "type": "minecraft:item",
          "weight": 1,
          "name": "minecraft:golden_chestplate",
          "functions": [
            {
              "function": "minecraft:set_attributes",
              "modifiers": [
                {
                  "attribute": "minecraft:generic.armor",
                  "name": "Armor",
                  "amount": 8,
                  "operation": "addition",
                  "slot": "chest"
                },
                {
                  "attribute": "minecraft:generic.max_health",
                  "name": "Max Health",
                  "amount": 8,
                  "operation": "addition",
                  "slot": "chest"
                },
                {
                  "attribute": "minecraft:generic.armor_toughness",
                  "name": "Armor Toughness",
                  "amount": 3,
                  "operation": "addition",
                  "slot": "chest"
                }
              ]
            },
            {
              "function": "minecraft:set_nbt",
              "tag": "{Unbreakable:1,display:{Name:'[{\"text\":\"Breastplate of Life\",\"italic\":false,\"color\":\"gold\"}]'}}"
            }
          ]
        },
	{
          "type": "minecraft:item",
          "weight": 1,
          "name": "minecraft:golden_leggings",
          "functions": [
            {
              "function": "minecraft:set_attributes",
              "modifiers": [
                {
                  "attribute": "minecraft:generic.armor",
                  "name": "Armor",
                  "amount": 6,
                  "operation": "addition",
                  "slot": "legs"
                },
                {
                  "attribute": "minecraft:generic.knockback_resistance",
                  "name": "Knockback Resistance",
                  "amount": 0.2,
                  "operation": "multiply_base",
                  "slot": "legs"
                },
                {
                  "attribute": "minecraft:generic.armor_toughness",
                  "name": "Armor Toughness",
                  "amount": 3,
                  "operation": "addition",
                  "slot": "legs"
                }
              ]
            },
            {
              "function": "minecraft:set_nbt",
              "tag": "{Unbreakable:1,display:{Name:'[{\"text\":\"Leggings of Enduring\",\"italic\":false,\"color\":\"gold\"}]'}}"
            }
          ]
        },
        {
          "type": "minecraft:item",
          "weight": 1,
          "name": "minecraft:golden_boots",
          "functions": [
            {
              "function": "minecraft:set_attributes",
              "modifiers": [
                {
                  "attribute": "minecraft:generic.armor",
                  "name": "Armor",
                  "amount": 3,
                  "operation": "addition",
                  "slot": "feet"
                },
                {
                  "attribute": "minecraft:generic.movement_speed",
                  "name": "Movement Speed",
                  "amount": 0.1,
                  "operation": "multiply_base",
                  "slot": "feet"
                },
                {
                  "attribute": "minecraft:generic.armor_toughness",
                  "name": "Armor Toughness",
                  "amount": 3,
                  "operation": "addition",
                  "slot": "feet"
                }
              ]
            },
            {
              "function": "minecraft:set_nbt",
              "tag": "{Unbreakable:1,display:{Name:'[{\"text\":\"Boots of Marching\",\"italic\":false,\"color\":\"gold\"}]'}}"
            }
          ]
        },
	{
          "type": "minecraft:item",
          "weight": 1,
          "name": "minecraft:netherite_axe",
          "functions": [
            {
              "function": "minecraft:set_nbt",
              "tag": "{HideFlags:2,CustomModelData:1,display:{Name:'[{\"text\":\"Wuuthrad\",\"italic\":false,\"color\":\"aqua\"}]',Lore:['[{\"text\":\"An ancient axe wielded by\",\"italic\":false}]','[{\"text\":\"a warrior of old. Its magic\",\"italic\":false}]','[{\"text\":\"has been lost to time, but its\",\"italic\":false}]','[{\"text\":\"speed remains.\",\"italic\":false}]', '\"\"', '{\"color\":\"gray\",\"italic\":\"false\",\"translate\":\"item.modifiers.mainhand\"}', '[\" \",{\"color\":\"dark_green\",\"italic\":\"false\",\"translate\":\"attribute.modifier.equals.0\",\"with\":[8,{\"translate\":\"attribute.name.generic.attack_damage\"}]}]', '[\" \",{\"color\":\"dark_green\",\"italic\":\"false\",\"translate\":\"attribute.modifier.equals.0\",\"with\":[1.6,{\"translate\":\"attribute.name.generic.attack_speed\"}]}]']}}"
            },
            {
              "function": "minecraft:set_attributes",
              "modifiers": [
                {
                  "attribute": "minecraft:generic.attack_speed",
                  "name": "Attack Speed",
                  "amount": -2.4,
                  "operation": "addition",
                  "slot": "mainhand"
                },
                {
                  "attribute": "minecraft:generic.attack_damage",
                  "name": "Attack Damage",
                  "amount": 7,
                  "operation": "addition",
                  "slot": "mainhand"
                }
              ]
            }
          ]
        },
        {
          "type": "minecraft:item",
          "weight": 1,
          "name": "minecraft:netherite_sword",
          "functions": [
            {
              "function": "minecraft:set_nbt",
              "tag": "{HideFlags:2,CustomModelData:1,Enchantments:[{id:bane_of_arthropods,lvl:5},{id:sharpness,lvl:7},{id:smite,lvl:5}],display:{Name:'[{\"text\":\"Murasame\",\"italic\":false,\"color\":\"aqua\"}]',Lore:['[{\"text\":\"Legends tell of a blade that\",\"italic\":false}]','[{\"text\":\"could kill its target in a\",\"italic\":false}]','[{\"text\":\"single strike. Its name -\",\"italic\":false}]','[{\"text\":\"Murasame. Unfortunately,\",\"italic\":false}]','[{\"text\":\"this one\\'s just a replica.\",\"italic\":false}]', '\"\"', '{\"color\":\"gray\",\"italic\":\"false\",\"translate\":\"item.modifiers.mainhand\"}', '[\" \",{\"color\":\"dark_green\",\"italic\":\"false\",\"translate\":\"attribute.modifier.equals.0\",\"with\":[9,{\"translate\":\"attribute.name.generic.attack_damage\"}]}]', '[\" \",{\"color\":\"dark_green\",\"italic\":\"false\",\"translate\":\"attribute.modifier.equals.0\",\"with\":[1.8,{\"translate\":\"attribute.name.generic.attack_speed\"}]}]']}}"
            },
            {
              "function": "minecraft:set_attributes",
              "modifiers": [
                {
                  "attribute": "minecraft:generic.attack_speed",
                  "name": "Attack Speed",
                  "amount": -2.2,
                  "operation": "addition",
                  "slot": "mainhand"
                },
                {
                  "attribute": "minecraft:generic.attack_damage",
                  "name": "Attack Damage",
                  "amount": 4,
                  "operation": "addition",
                  "slot": "mainhand"
                }
              ]
            }
          ]
        }
      ]
    }
  ]
}