{
  "pools": [
    {
      "rolls": {
        "min": 1,
        "max": 1
      },
      "entries": [
        {
          "type": "minecraft:item",
          "name": "minecraft:netherite_sword",
          "functions": [
            {
              "function": "minecraft:set_count",
              "count": {
                "min": 2,
                "max": 3
              }
            },
            {
              "function": "minecraft:set_nbt",
              "tag": "{CustomModelData:1}"
            }
          ],
		  "weight": 5
        }

      ]
    }
  ],
  "type": "minecraft:chest"
}